--
-- PostgreSQL database dump
--

-- Dumped from database version 17.2
-- Dumped by pg_dump version 17.2

SET statement_timeout = 0;
SET lock_timeout = 0;
SET idle_in_transaction_session_timeout = 0;
SET transaction_timeout = 0;
SET client_encoding = 'UTF8';
SET standard_conforming_strings = on;
SELECT pg_catalog.set_config('search_path', '', false);
SET check_function_bodies = false;
SET xmloption = content;
SET client_min_messages = warning;
SET row_security = off;

--
-- Name: public; Type: SCHEMA; Schema: -; Owner: vuelo_admin
--

-- *not* creating schema, since initdb creates it


ALTER SCHEMA public OWNER TO vuelo_admin;

SET default_tablespace = '';

SET default_table_access_method = heap;

--
-- Name: auth_group; Type: TABLE; Schema: public; Owner: vuelo_admin
--

CREATE TABLE public.auth_group (
    id integer NOT NULL,
    name character varying(150) NOT NULL
);


ALTER TABLE public.auth_group OWNER TO vuelo_admin;

--
-- Name: auth_group_id_seq; Type: SEQUENCE; Schema: public; Owner: vuelo_admin
--

ALTER TABLE public.auth_group ALTER COLUMN id ADD GENERATED BY DEFAULT AS IDENTITY (
    SEQUENCE NAME public.auth_group_id_seq
    START WITH 1
    INCREMENT BY 1
    NO MINVALUE
    NO MAXVALUE
    CACHE 1
);


--
-- Name: auth_group_permissions; Type: TABLE; Schema: public; Owner: vuelo_admin
--

CREATE TABLE public.auth_group_permissions (
    id bigint NOT NULL,
    group_id integer NOT NULL,
    permission_id integer NOT NULL
);


ALTER TABLE public.auth_group_permissions OWNER TO vuelo_admin;

--
-- Name: auth_group_permissions_id_seq; Type: SEQUENCE; Schema: public; Owner: vuelo_admin
--

ALTER TABLE public.auth_group_permissions ALTER COLUMN id ADD GENERATED BY DEFAULT AS IDENTITY (
    SEQUENCE NAME public.auth_group_permissions_id_seq
    START WITH 1
    INCREMENT BY 1
    NO MINVALUE
    NO MAXVALUE
    CACHE 1
);


--
-- Name: auth_permission; Type: TABLE; Schema: public; Owner: vuelo_admin
--

CREATE TABLE public.auth_permission (
    id integer NOT NULL,
    name character varying(255) NOT NULL,
    content_type_id integer NOT NULL,
    codename character varying(100) NOT NULL
);


ALTER TABLE public.auth_permission OWNER TO vuelo_admin;

--
-- Name: auth_permission_id_seq; Type: SEQUENCE; Schema: public; Owner: vuelo_admin
--

ALTER TABLE public.auth_permission ALTER COLUMN id ADD GENERATED BY DEFAULT AS IDENTITY (
    SEQUENCE NAME public.auth_permission_id_seq
    START WITH 1
    INCREMENT BY 1
    NO MINVALUE
    NO MAXVALUE
    CACHE 1
);


--
-- Name: auth_user; Type: TABLE; Schema: public; Owner: vuelo_admin
--

CREATE TABLE public.auth_user (
    id integer NOT NULL,
    password character varying(128) NOT NULL,
    last_login timestamp with time zone,
    is_superuser boolean NOT NULL,
    username character varying(150) NOT NULL,
    first_name character varying(150) NOT NULL,
    last_name character varying(150) NOT NULL,
    email character varying(254) NOT NULL,
    is_staff boolean NOT NULL,
    is_active boolean NOT NULL,
    date_joined timestamp with time zone NOT NULL
);


ALTER TABLE public.auth_user OWNER TO vuelo_admin;

--
-- Name: auth_user_groups; Type: TABLE; Schema: public; Owner: vuelo_admin
--

CREATE TABLE public.auth_user_groups (
    id bigint NOT NULL,
    user_id integer NOT NULL,
    group_id integer NOT NULL
);


ALTER TABLE public.auth_user_groups OWNER TO vuelo_admin;

--
-- Name: auth_user_groups_id_seq; Type: SEQUENCE; Schema: public; Owner: vuelo_admin
--

ALTER TABLE public.auth_user_groups ALTER COLUMN id ADD GENERATED BY DEFAULT AS IDENTITY (
    SEQUENCE NAME public.auth_user_groups_id_seq
    START WITH 1
    INCREMENT BY 1
    NO MINVALUE
    NO MAXVALUE
    CACHE 1
);


--
-- Name: auth_user_id_seq; Type: SEQUENCE; Schema: public; Owner: vuelo_admin
--

ALTER TABLE public.auth_user ALTER COLUMN id ADD GENERATED BY DEFAULT AS IDENTITY (
    SEQUENCE NAME public.auth_user_id_seq
    START WITH 1
    INCREMENT BY 1
    NO MINVALUE
    NO MAXVALUE
    CACHE 1
);


--
-- Name: auth_user_user_permissions; Type: TABLE; Schema: public; Owner: vuelo_admin
--

CREATE TABLE public.auth_user_user_permissions (
    id bigint NOT NULL,
    user_id integer NOT NULL,
    permission_id integer NOT NULL
);


ALTER TABLE public.auth_user_user_permissions OWNER TO vuelo_admin;

--
-- Name: auth_user_user_permissions_id_seq; Type: SEQUENCE; Schema: public; Owner: vuelo_admin
--

ALTER TABLE public.auth_user_user_permissions ALTER COLUMN id ADD GENERATED BY DEFAULT AS IDENTITY (
    SEQUENCE NAME public.auth_user_user_permissions_id_seq
    START WITH 1
    INCREMENT BY 1
    NO MINVALUE
    NO MAXVALUE
    CACHE 1
);


--
-- Name: django_admin_log; Type: TABLE; Schema: public; Owner: vuelo_admin
--

CREATE TABLE public.django_admin_log (
    id integer NOT NULL,
    action_time timestamp with time zone NOT NULL,
    object_id text,
    object_repr character varying(200) NOT NULL,
    action_flag smallint NOT NULL,
    change_message text NOT NULL,
    content_type_id integer,
    user_id integer NOT NULL,
    CONSTRAINT django_admin_log_action_flag_check CHECK ((action_flag >= 0))
);


ALTER TABLE public.django_admin_log OWNER TO vuelo_admin;

--
-- Name: django_admin_log_id_seq; Type: SEQUENCE; Schema: public; Owner: vuelo_admin
--

ALTER TABLE public.django_admin_log ALTER COLUMN id ADD GENERATED BY DEFAULT AS IDENTITY (
    SEQUENCE NAME public.django_admin_log_id_seq
    START WITH 1
    INCREMENT BY 1
    NO MINVALUE
    NO MAXVALUE
    CACHE 1
);


--
-- Name: django_content_type; Type: TABLE; Schema: public; Owner: vuelo_admin
--

CREATE TABLE public.django_content_type (
    id integer NOT NULL,
    app_label character varying(100) NOT NULL,
    model character varying(100) NOT NULL
);


ALTER TABLE public.django_content_type OWNER TO vuelo_admin;

--
-- Name: django_content_type_id_seq; Type: SEQUENCE; Schema: public; Owner: vuelo_admin
--

ALTER TABLE public.django_content_type ALTER COLUMN id ADD GENERATED BY DEFAULT AS IDENTITY (
    SEQUENCE NAME public.django_content_type_id_seq
    START WITH 1
    INCREMENT BY 1
    NO MINVALUE
    NO MAXVALUE
    CACHE 1
);


--
-- Name: django_migrations; Type: TABLE; Schema: public; Owner: vuelo_admin
--

CREATE TABLE public.django_migrations (
    id bigint NOT NULL,
    app character varying(255) NOT NULL,
    name character varying(255) NOT NULL,
    applied timestamp with time zone NOT NULL
);


ALTER TABLE public.django_migrations OWNER TO vuelo_admin;

--
-- Name: django_migrations_id_seq; Type: SEQUENCE; Schema: public; Owner: vuelo_admin
--

ALTER TABLE public.django_migrations ALTER COLUMN id ADD GENERATED BY DEFAULT AS IDENTITY (
    SEQUENCE NAME public.django_migrations_id_seq
    START WITH 1
    INCREMENT BY 1
    NO MINVALUE
    NO MAXVALUE
    CACHE 1
);


--
-- Name: django_session; Type: TABLE; Schema: public; Owner: vuelo_admin
--

CREATE TABLE public.django_session (
    session_key character varying(40) NOT NULL,
    session_data text NOT NULL,
    expire_date timestamp with time zone NOT NULL
);


ALTER TABLE public.django_session OWNER TO vuelo_admin;

--
-- Name: mi_aplicacion_avion; Type: TABLE; Schema: public; Owner: vuelo_admin
--

CREATE TABLE public.mi_aplicacion_avion (
    id bigint NOT NULL,
    matricula character varying(20) NOT NULL,
    modelo character varying(50) NOT NULL,
    fabricante character varying(50),
    capacidad_pasajeros integer NOT NULL,
    capacidad_carga numeric(10,2),
    fecha_registro date NOT NULL,
    CONSTRAINT mi_aplicacion_avion_capacidad_pasajeros_check CHECK ((capacidad_pasajeros >= 0))
);


ALTER TABLE public.mi_aplicacion_avion OWNER TO vuelo_admin;

--
-- Name: mi_aplicacion_avion_id_seq; Type: SEQUENCE; Schema: public; Owner: vuelo_admin
--

ALTER TABLE public.mi_aplicacion_avion ALTER COLUMN id ADD GENERATED BY DEFAULT AS IDENTITY (
    SEQUENCE NAME public.mi_aplicacion_avion_id_seq
    START WITH 1
    INCREMENT BY 1
    NO MINVALUE
    NO MAXVALUE
    CACHE 1
);


--
-- Name: mi_aplicacion_vuelo; Type: TABLE; Schema: public; Owner: vuelo_admin
--

CREATE TABLE public.mi_aplicacion_vuelo (
    id bigint NOT NULL,
    piloto character varying(100) NOT NULL,
    copiloto character varying(100),
    tipo_carga character varying(20) NOT NULL,
    descripcion_carga text,
    tipo_cobro character varying(20) NOT NULL,
    moneda character varying(10) NOT NULL,
    monto_pago numeric(10,2),
    fecha timestamp with time zone NOT NULL,
    avion_id bigint NOT NULL
);


ALTER TABLE public.mi_aplicacion_vuelo OWNER TO vuelo_admin;

--
-- Name: mi_aplicacion_vuelo_id_seq; Type: SEQUENCE; Schema: public; Owner: vuelo_admin
--

ALTER TABLE public.mi_aplicacion_vuelo ALTER COLUMN id ADD GENERATED BY DEFAULT AS IDENTITY (
    SEQUENCE NAME public.mi_aplicacion_vuelo_id_seq
    START WITH 1
    INCREMENT BY 1
    NO MINVALUE
    NO MAXVALUE
    CACHE 1
);


--
-- Name: registro_vuelos_avion; Type: TABLE; Schema: public; Owner: vuelo_admin
--

CREATE TABLE public.registro_vuelos_avion (
    id bigint NOT NULL,
    matricula character varying(20) NOT NULL,
    modelo character varying(50) NOT NULL,
    fabricante character varying(50),
    capacidad_pasajeros integer NOT NULL,
    capacidad_carga numeric(10,2),
    fecha_registro date NOT NULL,
    CONSTRAINT registro_vuelos_avion_capacidad_pasajeros_check CHECK ((capacidad_pasajeros >= 0))
);


ALTER TABLE public.registro_vuelos_avion OWNER TO vuelo_admin;

--
-- Name: registro_vuelos_avion_id_seq; Type: SEQUENCE; Schema: public; Owner: vuelo_admin
--

ALTER TABLE public.registro_vuelos_avion ALTER COLUMN id ADD GENERATED BY DEFAULT AS IDENTITY (
    SEQUENCE NAME public.registro_vuelos_avion_id_seq
    START WITH 1
    INCREMENT BY 1
    NO MINVALUE
    NO MAXVALUE
    CACHE 1
);


--
-- Name: registro_vuelos_vuelo; Type: TABLE; Schema: public; Owner: vuelo_admin
--

CREATE TABLE public.registro_vuelos_vuelo (
    id bigint NOT NULL,
    piloto character varying(100) NOT NULL,
    copiloto character varying(100),
    tipo_carga character varying(20) NOT NULL,
    descripcion_carga text,
    tipo_cobro character varying(20) NOT NULL,
    moneda character varying(10) NOT NULL,
    monto_pago numeric(10,2),
    fecha timestamp with time zone NOT NULL,
    avion_id bigint NOT NULL
);


ALTER TABLE public.registro_vuelos_vuelo OWNER TO vuelo_admin;

--
-- Name: registro_vuelos_vuelo_id_seq; Type: SEQUENCE; Schema: public; Owner: vuelo_admin
--

ALTER TABLE public.registro_vuelos_vuelo ALTER COLUMN id ADD GENERATED BY DEFAULT AS IDENTITY (
    SEQUENCE NAME public.registro_vuelos_vuelo_id_seq
    START WITH 1
    INCREMENT BY 1
    NO MINVALUE
    NO MAXVALUE
    CACHE 1
);


--
-- Name: vuelos_avion; Type: TABLE; Schema: public; Owner: vuelo_admin
--

CREATE TABLE public.vuelos_avion (
    id bigint NOT NULL,
    matricula character varying(50) NOT NULL,
    modelo character varying(100),
    fabricante character varying(100),
    capacidad_pasajeros integer,
    capacidad_carga numeric(10,2),
    fecha_registro timestamp with time zone NOT NULL,
    CONSTRAINT vuelos_avion_capacidad_pasajeros_check CHECK ((capacidad_pasajeros >= 0))
);


ALTER TABLE public.vuelos_avion OWNER TO vuelo_admin;

--
-- Name: vuelos_avion_id_seq; Type: SEQUENCE; Schema: public; Owner: vuelo_admin
--

ALTER TABLE public.vuelos_avion ALTER COLUMN id ADD GENERATED BY DEFAULT AS IDENTITY (
    SEQUENCE NAME public.vuelos_avion_id_seq
    START WITH 1
    INCREMENT BY 1
    NO MINVALUE
    NO MAXVALUE
    CACHE 1
);


--
-- Name: vuelos_vuelo; Type: TABLE; Schema: public; Owner: vuelo_admin
--

CREATE TABLE public.vuelos_vuelo (
    id bigint NOT NULL,
    fecha date NOT NULL,
    piloto character varying(100) NOT NULL,
    copiloto character varying(100),
    horas_horometro numeric(6,2) NOT NULL,
    horas_vuelo numeric(6,2) NOT NULL,
    destinos text NOT NULL,
    tipo_carga character varying(10) NOT NULL,
    descripcion_carga text NOT NULL,
    tipo_cobro character varying(15) NOT NULL,
    moneda character varying(10) NOT NULL,
    monto_pago numeric(10,2) NOT NULL,
    gastos text NOT NULL,
    avion_id bigint NOT NULL
);


ALTER TABLE public.vuelos_vuelo OWNER TO vuelo_admin;

--
-- Name: vuelos_vuelo_id_seq; Type: SEQUENCE; Schema: public; Owner: vuelo_admin
--

ALTER TABLE public.vuelos_vuelo ALTER COLUMN id ADD GENERATED BY DEFAULT AS IDENTITY (
    SEQUENCE NAME public.vuelos_vuelo_id_seq
    START WITH 1
    INCREMENT BY 1
    NO MINVALUE
    NO MAXVALUE
    CACHE 1
);


--
-- Data for Name: auth_group; Type: TABLE DATA; Schema: public; Owner: vuelo_admin
--

COPY public.auth_group (id, name) FROM stdin;
\.


--
-- Data for Name: auth_group_permissions; Type: TABLE DATA; Schema: public; Owner: vuelo_admin
--

COPY public.auth_group_permissions (id, group_id, permission_id) FROM stdin;
\.


--
-- Data for Name: auth_permission; Type: TABLE DATA; Schema: public; Owner: vuelo_admin
--

COPY public.auth_permission (id, name, content_type_id, codename) FROM stdin;
1	Can add log entry	1	add_logentry
2	Can change log entry	1	change_logentry
3	Can delete log entry	1	delete_logentry
4	Can view log entry	1	view_logentry
5	Can add permission	2	add_permission
6	Can change permission	2	change_permission
7	Can delete permission	2	delete_permission
8	Can view permission	2	view_permission
9	Can add group	3	add_group
10	Can change group	3	change_group
11	Can delete group	3	delete_group
12	Can view group	3	view_group
13	Can add user	4	add_user
14	Can change user	4	change_user
15	Can delete user	4	delete_user
16	Can view user	4	view_user
17	Can add content type	5	add_contenttype
18	Can change content type	5	change_contenttype
19	Can delete content type	5	delete_contenttype
20	Can view content type	5	view_contenttype
21	Can add session	6	add_session
22	Can change session	6	change_session
23	Can delete session	6	delete_session
24	Can view session	6	view_session
25	Can add Avión	7	add_avion
26	Can change Avión	7	change_avion
27	Can delete Avión	7	delete_avion
28	Can view Avión	7	view_avion
29	Can add avion	8	add_avion
30	Can change avion	8	change_avion
31	Can delete avion	8	delete_avion
32	Can view avion	8	view_avion
33	Can add vuelo	9	add_vuelo
34	Can change vuelo	9	change_vuelo
35	Can delete vuelo	9	delete_vuelo
36	Can view vuelo	9	view_vuelo
37	Can add Vuelo	10	add_vuelo
38	Can change Vuelo	10	change_vuelo
39	Can delete Vuelo	10	delete_vuelo
40	Can view Vuelo	10	view_vuelo
41	Can add Vuelo	11	add_vuelo
42	Can change Vuelo	11	change_vuelo
43	Can delete Vuelo	11	delete_vuelo
44	Can view Vuelo	11	view_vuelo
45	Can add Avión	12	add_avion
46	Can change Avión	12	change_avion
47	Can delete Avión	12	delete_avion
48	Can view Avión	12	view_avion
\.


--
-- Data for Name: auth_user; Type: TABLE DATA; Schema: public; Owner: vuelo_admin
--

COPY public.auth_user (id, password, last_login, is_superuser, username, first_name, last_name, email, is_staff, is_active, date_joined) FROM stdin;
2	pbkdf2_sha256$870000$NpaWJIxRhyMquVNQbVvUOG$sQcLj63NXlIU/hpgwh7adKtVy73b18tW79unAYFgOhk=	\N	t	Alberto	Anibal	Monteiro	anibalmonteiro@combinedmerit.com	t	t	2025-01-03 14:48:00+00
1	pbkdf2_sha256$870000$WgCbDDf30UcAD0sSpCk0mZ$7K1uEaD+/nwpP1Sq1iSsz7ArzTcN7Y9d3V2SUR0Zhos=	2025-01-03 18:48:35.090858+00	t	adminarenas			geral@combinedmerit.com	t	t	2025-01-03 14:00:34.167332+00
\.


--
-- Data for Name: auth_user_groups; Type: TABLE DATA; Schema: public; Owner: vuelo_admin
--

COPY public.auth_user_groups (id, user_id, group_id) FROM stdin;
\.


--
-- Data for Name: auth_user_user_permissions; Type: TABLE DATA; Schema: public; Owner: vuelo_admin
--

COPY public.auth_user_user_permissions (id, user_id, permission_id) FROM stdin;
1	2	1
2	2	2
3	2	3
4	2	4
5	2	5
6	2	6
7	2	7
8	2	8
9	2	9
10	2	10
11	2	11
12	2	12
13	2	13
14	2	14
15	2	15
16	2	16
17	2	17
18	2	18
19	2	19
20	2	20
21	2	21
22	2	22
23	2	23
24	2	24
\.


--
-- Data for Name: django_admin_log; Type: TABLE DATA; Schema: public; Owner: vuelo_admin
--

COPY public.django_admin_log (id, action_time, object_id, object_repr, action_flag, change_message, content_type_id, user_id) FROM stdin;
1	2025-01-03 14:48:01.707358+00	2	Alberto	1	[{"added": {}}]	4	1
2	2025-01-03 14:50:27.207309+00	2	Alberto	2	[{"changed": {"fields": ["First name", "Last name", "Email address", "Staff status", "Superuser status", "User permissions"]}}]	4	1
3	2025-01-03 14:50:34.365937+00	2	Alberto	2	[]	4	1
4	2025-01-03 21:46:09.215759+00	1	YV- - Sin modelo	1	[{"added": {}}]	8	1
5	2025-01-03 21:46:54.0392+00	1	YV-3453 - AN-28	2	[{"changed": {"fields": ["Matricula", "Modelo", "Fabricante", "Capacidad pasajeros", "Capacidad carga"]}}]	8	1
6	2025-01-04 16:56:33.171281+00	1	YV-3453 - AN-28	1	[{"added": {}}]	12	1
7	2025-01-04 16:56:38.108469+00	1	YV-3453 - AN-28	2	[]	12	1
\.


--
-- Data for Name: django_content_type; Type: TABLE DATA; Schema: public; Owner: vuelo_admin
--

COPY public.django_content_type (id, app_label, model) FROM stdin;
1	admin	logentry
2	auth	permission
3	auth	group
4	auth	user
5	contenttypes	contenttype
6	sessions	session
7	mi_aplicacion	avion
8	vuelos	avion
9	vuelos	vuelo
10	mi_aplicacion	vuelo
11	registro_vuelos	vuelo
12	registro_vuelos	avion
\.


--
-- Data for Name: django_migrations; Type: TABLE DATA; Schema: public; Owner: vuelo_admin
--

COPY public.django_migrations (id, app, name, applied) FROM stdin;
1	contenttypes	0001_initial	2025-01-03 13:20:54.74979+00
2	auth	0001_initial	2025-01-03 13:20:54.833851+00
3	admin	0001_initial	2025-01-03 13:20:54.854286+00
4	admin	0002_logentry_remove_auto_add	2025-01-03 13:20:54.862446+00
5	admin	0003_logentry_add_action_flag_choices	2025-01-03 13:20:54.86771+00
6	contenttypes	0002_remove_content_type_name	2025-01-03 13:20:54.880254+00
7	auth	0002_alter_permission_name_max_length	2025-01-03 13:20:54.88634+00
8	auth	0003_alter_user_email_max_length	2025-01-03 13:20:54.891925+00
9	auth	0004_alter_user_username_opts	2025-01-03 13:20:54.897033+00
10	auth	0005_alter_user_last_login_null	2025-01-03 13:20:54.902818+00
11	auth	0006_require_contenttypes_0002	2025-01-03 13:20:54.903807+00
12	auth	0007_alter_validators_add_error_messages	2025-01-03 13:20:54.912811+00
13	auth	0008_alter_user_username_max_length	2025-01-03 13:20:54.923669+00
14	auth	0009_alter_user_last_name_max_length	2025-01-03 13:20:54.930058+00
15	auth	0010_alter_group_name_max_length	2025-01-03 13:20:54.937212+00
16	auth	0011_update_proxy_permissions	2025-01-03 13:20:54.943236+00
17	auth	0012_alter_user_first_name_max_length	2025-01-03 13:20:54.948906+00
18	sessions	0001_initial	2025-01-03 13:20:54.962379+00
19	mi_aplicacion	0001_initial	2025-01-03 21:35:07.186777+00
20	vuelos	0001_initial	2025-01-03 21:40:44.93382+00
21	vuelos	0002_vuelo	2025-01-03 21:56:41.541827+00
22	mi_aplicacion	0002_vuelo	2025-01-04 16:09:23.203037+00
23	registro_vuelos	0001_initial	2025-01-04 16:53:30.120668+00
24	registro_vuelos	0002_vuelo	2025-01-04 16:53:30.141304+00
25	registro_vuelos	0003_alter_vuelo_tipo_cobro	2025-01-04 17:34:27.759632+00
\.


--
-- Data for Name: django_session; Type: TABLE DATA; Schema: public; Owner: vuelo_admin
--

COPY public.django_session (session_key, session_data, expire_date) FROM stdin;
mqdrhkey8pevlluepr6v61gtw3sd8y7c	.eJxVjDsOwyAQBe9CHSFYf2BTpvcZ0AJLcBKBZOwqyt1jSy6S9s3MewtH25rd1nhxcxRXocXld_MUnlwOEB9U7lWGWtZl9vJQ5EmbnGrk1-10_w4ytbzX1oDH1IFmVCklCz2rfgjRgBpDp1Ugb6LducJOj4Q6eD9EYE0MiIDi8wXSeTdo:1tTiF4:7HmWF7TV1pGcaMtir2BAoCKOFX5RLvAbEwJmBdZt884	2025-01-17 14:01:34.355509+00
q8itxfw9b6uf8e0v5yh4tstk82uvljb5	.eJxVjDsOwyAQBe9CHSFYf2BTpvcZ0AJLcBKBZOwqyt1jSy6S9s3MewtH25rd1nhxcxRXocXld_MUnlwOEB9U7lWGWtZl9vJQ5EmbnGrk1-10_w4ytbzX1oDH1IFmVCklCz2rfgjRgBpDp1Ugb6LducJOj4Q6eD9EYE0MiIDi8wXSeTdo:1tTmip:aiqu2As4dSiGj-z_DVoQqNLZ8b2nXFWFaI_FU_z9BMo	2025-01-17 18:48:35.098749+00
\.


--
-- Data for Name: mi_aplicacion_avion; Type: TABLE DATA; Schema: public; Owner: vuelo_admin
--

COPY public.mi_aplicacion_avion (id, matricula, modelo, fabricante, capacidad_pasajeros, capacidad_carga, fecha_registro) FROM stdin;
\.


--
-- Data for Name: mi_aplicacion_vuelo; Type: TABLE DATA; Schema: public; Owner: vuelo_admin
--

COPY public.mi_aplicacion_vuelo (id, piloto, copiloto, tipo_carga, descripcion_carga, tipo_cobro, moneda, monto_pago, fecha, avion_id) FROM stdin;
\.


--
-- Data for Name: registro_vuelos_avion; Type: TABLE DATA; Schema: public; Owner: vuelo_admin
--

COPY public.registro_vuelos_avion (id, matricula, modelo, fabricante, capacidad_pasajeros, capacidad_carga, fecha_registro) FROM stdin;
1	YV-3453	AN-28	Antonov	17	2000.00	2025-01-04
\.


--
-- Data for Name: registro_vuelos_vuelo; Type: TABLE DATA; Schema: public; Owner: vuelo_admin
--

COPY public.registro_vuelos_vuelo (id, piloto, copiloto, tipo_carga, descripcion_carga, tipo_cobro, moneda, monto_pago, fecha, avion_id) FROM stdin;
\.


--
-- Data for Name: vuelos_avion; Type: TABLE DATA; Schema: public; Owner: vuelo_admin
--

COPY public.vuelos_avion (id, matricula, modelo, fabricante, capacidad_pasajeros, capacidad_carga, fecha_registro) FROM stdin;
1	YV-3453	AN-28	Antonov	17	2000.00	2025-01-03 21:46:09.19981+00
\.


--
-- Data for Name: vuelos_vuelo; Type: TABLE DATA; Schema: public; Owner: vuelo_admin
--

COPY public.vuelos_vuelo (id, fecha, piloto, copiloto, horas_horometro, horas_vuelo, destinos, tipo_carga, descripcion_carga, tipo_cobro, moneda, monto_pago, gastos, avion_id) FROM stdin;
\.


--
-- Name: auth_group_id_seq; Type: SEQUENCE SET; Schema: public; Owner: vuelo_admin
--

SELECT pg_catalog.setval('public.auth_group_id_seq', 1, false);


--
-- Name: auth_group_permissions_id_seq; Type: SEQUENCE SET; Schema: public; Owner: vuelo_admin
--

SELECT pg_catalog.setval('public.auth_group_permissions_id_seq', 1, false);


--
-- Name: auth_permission_id_seq; Type: SEQUENCE SET; Schema: public; Owner: vuelo_admin
--

SELECT pg_catalog.setval('public.auth_permission_id_seq', 48, true);


--
-- Name: auth_user_groups_id_seq; Type: SEQUENCE SET; Schema: public; Owner: vuelo_admin
--

SELECT pg_catalog.setval('public.auth_user_groups_id_seq', 1, false);


--
-- Name: auth_user_id_seq; Type: SEQUENCE SET; Schema: public; Owner: vuelo_admin
--

SELECT pg_catalog.setval('public.auth_user_id_seq', 2, true);


--
-- Name: auth_user_user_permissions_id_seq; Type: SEQUENCE SET; Schema: public; Owner: vuelo_admin
--

SELECT pg_catalog.setval('public.auth_user_user_permissions_id_seq', 24, true);


--
-- Name: django_admin_log_id_seq; Type: SEQUENCE SET; Schema: public; Owner: vuelo_admin
--

SELECT pg_catalog.setval('public.django_admin_log_id_seq', 7, true);


--
-- Name: django_content_type_id_seq; Type: SEQUENCE SET; Schema: public; Owner: vuelo_admin
--

SELECT pg_catalog.setval('public.django_content_type_id_seq', 12, true);


--
-- Name: django_migrations_id_seq; Type: SEQUENCE SET; Schema: public; Owner: vuelo_admin
--

SELECT pg_catalog.setval('public.django_migrations_id_seq', 25, true);


--
-- Name: mi_aplicacion_avion_id_seq; Type: SEQUENCE SET; Schema: public; Owner: vuelo_admin
--

SELECT pg_catalog.setval('public.mi_aplicacion_avion_id_seq', 1, false);


--
-- Name: mi_aplicacion_vuelo_id_seq; Type: SEQUENCE SET; Schema: public; Owner: vuelo_admin
--

SELECT pg_catalog.setval('public.mi_aplicacion_vuelo_id_seq', 1, false);


--
-- Name: registro_vuelos_avion_id_seq; Type: SEQUENCE SET; Schema: public; Owner: vuelo_admin
--

SELECT pg_catalog.setval('public.registro_vuelos_avion_id_seq', 1, true);


--
-- Name: registro_vuelos_vuelo_id_seq; Type: SEQUENCE SET; Schema: public; Owner: vuelo_admin
--

SELECT pg_catalog.setval('public.registro_vuelos_vuelo_id_seq', 1, false);


--
-- Name: vuelos_avion_id_seq; Type: SEQUENCE SET; Schema: public; Owner: vuelo_admin
--

SELECT pg_catalog.setval('public.vuelos_avion_id_seq', 1, true);


--
-- Name: vuelos_vuelo_id_seq; Type: SEQUENCE SET; Schema: public; Owner: vuelo_admin
--

SELECT pg_catalog.setval('public.vuelos_vuelo_id_seq', 1, false);


--
-- Name: auth_group auth_group_name_key; Type: CONSTRAINT; Schema: public; Owner: vuelo_admin
--

ALTER TABLE ONLY public.auth_group
    ADD CONSTRAINT auth_group_name_key UNIQUE (name);


--
-- Name: auth_group_permissions auth_group_permissions_group_id_permission_id_0cd325b0_uniq; Type: CONSTRAINT; Schema: public; Owner: vuelo_admin
--

ALTER TABLE ONLY public.auth_group_permissions
    ADD CONSTRAINT auth_group_permissions_group_id_permission_id_0cd325b0_uniq UNIQUE (group_id, permission_id);


--
-- Name: auth_group_permissions auth_group_permissions_pkey; Type: CONSTRAINT; Schema: public; Owner: vuelo_admin
--

ALTER TABLE ONLY public.auth_group_permissions
    ADD CONSTRAINT auth_group_permissions_pkey PRIMARY KEY (id);


--
-- Name: auth_group auth_group_pkey; Type: CONSTRAINT; Schema: public; Owner: vuelo_admin
--

ALTER TABLE ONLY public.auth_group
    ADD CONSTRAINT auth_group_pkey PRIMARY KEY (id);


--
-- Name: auth_permission auth_permission_content_type_id_codename_01ab375a_uniq; Type: CONSTRAINT; Schema: public; Owner: vuelo_admin
--

ALTER TABLE ONLY public.auth_permission
    ADD CONSTRAINT auth_permission_content_type_id_codename_01ab375a_uniq UNIQUE (content_type_id, codename);


--
-- Name: auth_permission auth_permission_pkey; Type: CONSTRAINT; Schema: public; Owner: vuelo_admin
--

ALTER TABLE ONLY public.auth_permission
    ADD CONSTRAINT auth_permission_pkey PRIMARY KEY (id);


--
-- Name: auth_user_groups auth_user_groups_pkey; Type: CONSTRAINT; Schema: public; Owner: vuelo_admin
--

ALTER TABLE ONLY public.auth_user_groups
    ADD CONSTRAINT auth_user_groups_pkey PRIMARY KEY (id);


--
-- Name: auth_user_groups auth_user_groups_user_id_group_id_94350c0c_uniq; Type: CONSTRAINT; Schema: public; Owner: vuelo_admin
--

ALTER TABLE ONLY public.auth_user_groups
    ADD CONSTRAINT auth_user_groups_user_id_group_id_94350c0c_uniq UNIQUE (user_id, group_id);


--
-- Name: auth_user auth_user_pkey; Type: CONSTRAINT; Schema: public; Owner: vuelo_admin
--

ALTER TABLE ONLY public.auth_user
    ADD CONSTRAINT auth_user_pkey PRIMARY KEY (id);


--
-- Name: auth_user_user_permissions auth_user_user_permissions_pkey; Type: CONSTRAINT; Schema: public; Owner: vuelo_admin
--

ALTER TABLE ONLY public.auth_user_user_permissions
    ADD CONSTRAINT auth_user_user_permissions_pkey PRIMARY KEY (id);


--
-- Name: auth_user_user_permissions auth_user_user_permissions_user_id_permission_id_14a6b632_uniq; Type: CONSTRAINT; Schema: public; Owner: vuelo_admin
--

ALTER TABLE ONLY public.auth_user_user_permissions
    ADD CONSTRAINT auth_user_user_permissions_user_id_permission_id_14a6b632_uniq UNIQUE (user_id, permission_id);


--
-- Name: auth_user auth_user_username_key; Type: CONSTRAINT; Schema: public; Owner: vuelo_admin
--

ALTER TABLE ONLY public.auth_user
    ADD CONSTRAINT auth_user_username_key UNIQUE (username);


--
-- Name: django_admin_log django_admin_log_pkey; Type: CONSTRAINT; Schema: public; Owner: vuelo_admin
--

ALTER TABLE ONLY public.django_admin_log
    ADD CONSTRAINT django_admin_log_pkey PRIMARY KEY (id);


--
-- Name: django_content_type django_content_type_app_label_model_76bd3d3b_uniq; Type: CONSTRAINT; Schema: public; Owner: vuelo_admin
--

ALTER TABLE ONLY public.django_content_type
    ADD CONSTRAINT django_content_type_app_label_model_76bd3d3b_uniq UNIQUE (app_label, model);


--
-- Name: django_content_type django_content_type_pkey; Type: CONSTRAINT; Schema: public; Owner: vuelo_admin
--

ALTER TABLE ONLY public.django_content_type
    ADD CONSTRAINT django_content_type_pkey PRIMARY KEY (id);


--
-- Name: django_migrations django_migrations_pkey; Type: CONSTRAINT; Schema: public; Owner: vuelo_admin
--

ALTER TABLE ONLY public.django_migrations
    ADD CONSTRAINT django_migrations_pkey PRIMARY KEY (id);


--
-- Name: django_session django_session_pkey; Type: CONSTRAINT; Schema: public; Owner: vuelo_admin
--

ALTER TABLE ONLY public.django_session
    ADD CONSTRAINT django_session_pkey PRIMARY KEY (session_key);


--
-- Name: mi_aplicacion_avion mi_aplicacion_avion_matricula_key; Type: CONSTRAINT; Schema: public; Owner: vuelo_admin
--

ALTER TABLE ONLY public.mi_aplicacion_avion
    ADD CONSTRAINT mi_aplicacion_avion_matricula_key UNIQUE (matricula);


--
-- Name: mi_aplicacion_avion mi_aplicacion_avion_pkey; Type: CONSTRAINT; Schema: public; Owner: vuelo_admin
--

ALTER TABLE ONLY public.mi_aplicacion_avion
    ADD CONSTRAINT mi_aplicacion_avion_pkey PRIMARY KEY (id);


--
-- Name: mi_aplicacion_vuelo mi_aplicacion_vuelo_pkey; Type: CONSTRAINT; Schema: public; Owner: vuelo_admin
--

ALTER TABLE ONLY public.mi_aplicacion_vuelo
    ADD CONSTRAINT mi_aplicacion_vuelo_pkey PRIMARY KEY (id);


--
-- Name: registro_vuelos_avion registro_vuelos_avion_matricula_key; Type: CONSTRAINT; Schema: public; Owner: vuelo_admin
--

ALTER TABLE ONLY public.registro_vuelos_avion
    ADD CONSTRAINT registro_vuelos_avion_matricula_key UNIQUE (matricula);


--
-- Name: registro_vuelos_avion registro_vuelos_avion_pkey; Type: CONSTRAINT; Schema: public; Owner: vuelo_admin
--

ALTER TABLE ONLY public.registro_vuelos_avion
    ADD CONSTRAINT registro_vuelos_avion_pkey PRIMARY KEY (id);


--
-- Name: registro_vuelos_vuelo registro_vuelos_vuelo_pkey; Type: CONSTRAINT; Schema: public; Owner: vuelo_admin
--

ALTER TABLE ONLY public.registro_vuelos_vuelo
    ADD CONSTRAINT registro_vuelos_vuelo_pkey PRIMARY KEY (id);


--
-- Name: vuelos_avion vuelos_avion_matricula_key; Type: CONSTRAINT; Schema: public; Owner: vuelo_admin
--

ALTER TABLE ONLY public.vuelos_avion
    ADD CONSTRAINT vuelos_avion_matricula_key UNIQUE (matricula);


--
-- Name: vuelos_avion vuelos_avion_pkey; Type: CONSTRAINT; Schema: public; Owner: vuelo_admin
--

ALTER TABLE ONLY public.vuelos_avion
    ADD CONSTRAINT vuelos_avion_pkey PRIMARY KEY (id);


--
-- Name: vuelos_vuelo vuelos_vuelo_pkey; Type: CONSTRAINT; Schema: public; Owner: vuelo_admin
--

ALTER TABLE ONLY public.vuelos_vuelo
    ADD CONSTRAINT vuelos_vuelo_pkey PRIMARY KEY (id);


--
-- Name: auth_group_name_a6ea08ec_like; Type: INDEX; Schema: public; Owner: vuelo_admin
--

CREATE INDEX auth_group_name_a6ea08ec_like ON public.auth_group USING btree (name varchar_pattern_ops);


--
-- Name: auth_group_permissions_group_id_b120cbf9; Type: INDEX; Schema: public; Owner: vuelo_admin
--

CREATE INDEX auth_group_permissions_group_id_b120cbf9 ON public.auth_group_permissions USING btree (group_id);


--
-- Name: auth_group_permissions_permission_id_84c5c92e; Type: INDEX; Schema: public; Owner: vuelo_admin
--

CREATE INDEX auth_group_permissions_permission_id_84c5c92e ON public.auth_group_permissions USING btree (permission_id);


--
-- Name: auth_permission_content_type_id_2f476e4b; Type: INDEX; Schema: public; Owner: vuelo_admin
--

CREATE INDEX auth_permission_content_type_id_2f476e4b ON public.auth_permission USING btree (content_type_id);


--
-- Name: auth_user_groups_group_id_97559544; Type: INDEX; Schema: public; Owner: vuelo_admin
--

CREATE INDEX auth_user_groups_group_id_97559544 ON public.auth_user_groups USING btree (group_id);


--
-- Name: auth_user_groups_user_id_6a12ed8b; Type: INDEX; Schema: public; Owner: vuelo_admin
--

CREATE INDEX auth_user_groups_user_id_6a12ed8b ON public.auth_user_groups USING btree (user_id);


--
-- Name: auth_user_user_permissions_permission_id_1fbb5f2c; Type: INDEX; Schema: public; Owner: vuelo_admin
--

CREATE INDEX auth_user_user_permissions_permission_id_1fbb5f2c ON public.auth_user_user_permissions USING btree (permission_id);


--
-- Name: auth_user_user_permissions_user_id_a95ead1b; Type: INDEX; Schema: public; Owner: vuelo_admin
--

CREATE INDEX auth_user_user_permissions_user_id_a95ead1b ON public.auth_user_user_permissions USING btree (user_id);


--
-- Name: auth_user_username_6821ab7c_like; Type: INDEX; Schema: public; Owner: vuelo_admin
--

CREATE INDEX auth_user_username_6821ab7c_like ON public.auth_user USING btree (username varchar_pattern_ops);


--
-- Name: django_admin_log_content_type_id_c4bce8eb; Type: INDEX; Schema: public; Owner: vuelo_admin
--

CREATE INDEX django_admin_log_content_type_id_c4bce8eb ON public.django_admin_log USING btree (content_type_id);


--
-- Name: django_admin_log_user_id_c564eba6; Type: INDEX; Schema: public; Owner: vuelo_admin
--

CREATE INDEX django_admin_log_user_id_c564eba6 ON public.django_admin_log USING btree (user_id);


--
-- Name: django_session_expire_date_a5c62663; Type: INDEX; Schema: public; Owner: vuelo_admin
--

CREATE INDEX django_session_expire_date_a5c62663 ON public.django_session USING btree (expire_date);


--
-- Name: django_session_session_key_c0390e0f_like; Type: INDEX; Schema: public; Owner: vuelo_admin
--

CREATE INDEX django_session_session_key_c0390e0f_like ON public.django_session USING btree (session_key varchar_pattern_ops);


--
-- Name: mi_aplicacion_avion_matricula_922b7048_like; Type: INDEX; Schema: public; Owner: vuelo_admin
--

CREATE INDEX mi_aplicacion_avion_matricula_922b7048_like ON public.mi_aplicacion_avion USING btree (matricula varchar_pattern_ops);


--
-- Name: mi_aplicacion_vuelo_avion_id_b2973451; Type: INDEX; Schema: public; Owner: vuelo_admin
--

CREATE INDEX mi_aplicacion_vuelo_avion_id_b2973451 ON public.mi_aplicacion_vuelo USING btree (avion_id);


--
-- Name: registro_vuelos_avion_matricula_68664cc5_like; Type: INDEX; Schema: public; Owner: vuelo_admin
--

CREATE INDEX registro_vuelos_avion_matricula_68664cc5_like ON public.registro_vuelos_avion USING btree (matricula varchar_pattern_ops);


--
-- Name: registro_vuelos_vuelo_avion_id_68208e0d; Type: INDEX; Schema: public; Owner: vuelo_admin
--

CREATE INDEX registro_vuelos_vuelo_avion_id_68208e0d ON public.registro_vuelos_vuelo USING btree (avion_id);


--
-- Name: vuelos_avion_matricula_a2eb84af_like; Type: INDEX; Schema: public; Owner: vuelo_admin
--

CREATE INDEX vuelos_avion_matricula_a2eb84af_like ON public.vuelos_avion USING btree (matricula varchar_pattern_ops);


--
-- Name: vuelos_vuelo_avion_id_fd753e3f; Type: INDEX; Schema: public; Owner: vuelo_admin
--

CREATE INDEX vuelos_vuelo_avion_id_fd753e3f ON public.vuelos_vuelo USING btree (avion_id);


--
-- Name: auth_group_permissions auth_group_permissio_permission_id_84c5c92e_fk_auth_perm; Type: FK CONSTRAINT; Schema: public; Owner: vuelo_admin
--

ALTER TABLE ONLY public.auth_group_permissions
    ADD CONSTRAINT auth_group_permissio_permission_id_84c5c92e_fk_auth_perm FOREIGN KEY (permission_id) REFERENCES public.auth_permission(id) DEFERRABLE INITIALLY DEFERRED;


--
-- Name: auth_group_permissions auth_group_permissions_group_id_b120cbf9_fk_auth_group_id; Type: FK CONSTRAINT; Schema: public; Owner: vuelo_admin
--

ALTER TABLE ONLY public.auth_group_permissions
    ADD CONSTRAINT auth_group_permissions_group_id_b120cbf9_fk_auth_group_id FOREIGN KEY (group_id) REFERENCES public.auth_group(id) DEFERRABLE INITIALLY DEFERRED;


--
-- Name: auth_permission auth_permission_content_type_id_2f476e4b_fk_django_co; Type: FK CONSTRAINT; Schema: public; Owner: vuelo_admin
--

ALTER TABLE ONLY public.auth_permission
    ADD CONSTRAINT auth_permission_content_type_id_2f476e4b_fk_django_co FOREIGN KEY (content_type_id) REFERENCES public.django_content_type(id) DEFERRABLE INITIALLY DEFERRED;


--
-- Name: auth_user_groups auth_user_groups_group_id_97559544_fk_auth_group_id; Type: FK CONSTRAINT; Schema: public; Owner: vuelo_admin
--

ALTER TABLE ONLY public.auth_user_groups
    ADD CONSTRAINT auth_user_groups_group_id_97559544_fk_auth_group_id FOREIGN KEY (group_id) REFERENCES public.auth_group(id) DEFERRABLE INITIALLY DEFERRED;


--
-- Name: auth_user_groups auth_user_groups_user_id_6a12ed8b_fk_auth_user_id; Type: FK CONSTRAINT; Schema: public; Owner: vuelo_admin
--

ALTER TABLE ONLY public.auth_user_groups
    ADD CONSTRAINT auth_user_groups_user_id_6a12ed8b_fk_auth_user_id FOREIGN KEY (user_id) REFERENCES public.auth_user(id) DEFERRABLE INITIALLY DEFERRED;


--
-- Name: auth_user_user_permissions auth_user_user_permi_permission_id_1fbb5f2c_fk_auth_perm; Type: FK CONSTRAINT; Schema: public; Owner: vuelo_admin
--

ALTER TABLE ONLY public.auth_user_user_permissions
    ADD CONSTRAINT auth_user_user_permi_permission_id_1fbb5f2c_fk_auth_perm FOREIGN KEY (permission_id) REFERENCES public.auth_permission(id) DEFERRABLE INITIALLY DEFERRED;


--
-- Name: auth_user_user_permissions auth_user_user_permissions_user_id_a95ead1b_fk_auth_user_id; Type: FK CONSTRAINT; Schema: public; Owner: vuelo_admin
--

ALTER TABLE ONLY public.auth_user_user_permissions
    ADD CONSTRAINT auth_user_user_permissions_user_id_a95ead1b_fk_auth_user_id FOREIGN KEY (user_id) REFERENCES public.auth_user(id) DEFERRABLE INITIALLY DEFERRED;


--
-- Name: django_admin_log django_admin_log_content_type_id_c4bce8eb_fk_django_co; Type: FK CONSTRAINT; Schema: public; Owner: vuelo_admin
--

ALTER TABLE ONLY public.django_admin_log
    ADD CONSTRAINT django_admin_log_content_type_id_c4bce8eb_fk_django_co FOREIGN KEY (content_type_id) REFERENCES public.django_content_type(id) DEFERRABLE INITIALLY DEFERRED;


--
-- Name: django_admin_log django_admin_log_user_id_c564eba6_fk_auth_user_id; Type: FK CONSTRAINT; Schema: public; Owner: vuelo_admin
--

ALTER TABLE ONLY public.django_admin_log
    ADD CONSTRAINT django_admin_log_user_id_c564eba6_fk_auth_user_id FOREIGN KEY (user_id) REFERENCES public.auth_user(id) DEFERRABLE INITIALLY DEFERRED;


--
-- Name: mi_aplicacion_vuelo mi_aplicacion_vuelo_avion_id_b2973451_fk_mi_aplicacion_avion_id; Type: FK CONSTRAINT; Schema: public; Owner: vuelo_admin
--

ALTER TABLE ONLY public.mi_aplicacion_vuelo
    ADD CONSTRAINT mi_aplicacion_vuelo_avion_id_b2973451_fk_mi_aplicacion_avion_id FOREIGN KEY (avion_id) REFERENCES public.mi_aplicacion_avion(id) DEFERRABLE INITIALLY DEFERRED;


--
-- Name: registro_vuelos_vuelo registro_vuelos_vuel_avion_id_68208e0d_fk_registro_; Type: FK CONSTRAINT; Schema: public; Owner: vuelo_admin
--

ALTER TABLE ONLY public.registro_vuelos_vuelo
    ADD CONSTRAINT registro_vuelos_vuel_avion_id_68208e0d_fk_registro_ FOREIGN KEY (avion_id) REFERENCES public.registro_vuelos_avion(id) DEFERRABLE INITIALLY DEFERRED;


--
-- Name: vuelos_vuelo vuelos_vuelo_avion_id_fd753e3f_fk_vuelos_avion_id; Type: FK CONSTRAINT; Schema: public; Owner: vuelo_admin
--

ALTER TABLE ONLY public.vuelos_vuelo
    ADD CONSTRAINT vuelos_vuelo_avion_id_fd753e3f_fk_vuelos_avion_id FOREIGN KEY (avion_id) REFERENCES public.vuelos_avion(id) DEFERRABLE INITIALLY DEFERRED;


--
-- Name: DEFAULT PRIVILEGES FOR TABLES; Type: DEFAULT ACL; Schema: public; Owner: postgres
--

ALTER DEFAULT PRIVILEGES FOR ROLE postgres IN SCHEMA public GRANT ALL ON TABLES TO vuelo_admin;


--
-- PostgreSQL database dump complete
--

